{
    "frame_size": [
        1280,
        720
    ],
    "fps": 15,
    "exposure": 15,
    "gain": 15,
    "rotate": 0,
    "matrix": [
        968.5603672538747,
        0.0,
        640.5202082048876,
        0.0,
        969.3431286756806,
        358.4414010295449,
        0.0,
        0.0,
        1.0
    ],
    "parameters": [
        968.5603672538747,
        969.3431286756806,
        640.5202082048876,
        358.4414010295449
    ],
    "distortion": [
        -0.04086004442112704,
        0.28497256323506887,
        -0.0007735758630644474,
        -0.001603376796003728,
        -0.6008599169278185
    ]
}