{
        "frame_size": [
            640,
            480
        ],
        "fps": 15,
        "exposure": 1,
        "gain": -1,
        "rotate": 0,
        "matrix": [
            506.94754996731325,
            0.0,
            322.1713538087081,
            0.0,
            509.0506556479349,
            237.49907668616225,
            0.0,
            0.0,
            1.0
        ],
        "parameters": [
            506.94754996731325,
            509.0506556479349,
            322.1713538087081,
            237.49907668616225
        ],
        "distortion": [
            0.23694969699072538,
            -0.6655101918170488,
            -0.00015672367289601768,
            0.001848057045048206,
            0.6337180850447605
        ]
}

