{
    "frame_size": [
        1280,
        720
    ],
    "fps": 30,
    "exposure": 1,
    "gain": -1,
    "rotate": 0,
    "matrix": [
        1433.0475519515585,
        0.0,
        632.670043695067,
        0.0,
        1431.8236025011076,
        368.23743856851615,
        0.0,
        0.0,
        1.0
    ],
    "parameters": [
        1433.0475519515585,
        1431.8236025011076,
        632.670043695067,
        368.23743856851615
    ],
    "distortion": [
        0.036178625463970916,
        0.7077366433337937,
        -0.002061923172538258,
        -0.0023853340660101477,
        -2.4797079580094956
    ]
}
