{
    "frame_size": [
        320,
        240
    ],
    "fps": 60,
    "exposure": 1.0,
    "gain": -1.0,
    "rotate": 0,
    "matrix": [
        411.69755682916633,
        0.0,
        163.21871491775443,
        0.0,
        413.72182848273945,
        130.4254554124065,
        0.0,
        0.0,
        1.0
    ],
    "parameters": [
        411.69755682916633,
        413.72182848273945,
        163.21871491775443,
        130.4254554124065
    ],
    "distortion": [
        0.007606503871739689,
        0.5228350030362485,
        0.00018939888519068292,
        0.002502441230746454,
        -0.9428150873127279
    ]
}