{
    "frame_size": [
        320,
        240
    ],
    "fps": 60,
    "exposure": 1.0,
    "gain": -1.0,
    "rotate": 0,
    "matrix": [
        657.5374124128168,
        0.0,
        165.03777932391503,
        0.0,
        659.44343546958,
        114.76769040029444,
        0.0,
        0.0,
        1.0
    ],
    "parameters": [
        657.5374124128168,
        659.44343546958,
        165.03777932391503,
        114.76769040029444
    ],
    "distortion": [
        -0.0032309379041181308,
        3.8757764753892188,
        -0.007431830587761348,
        0.0016560840942651915,
        -33.958047001297466
    ]
}
