{
        "frame_size": [
            1280,
            720
        ],
        "fps": 30,
        "exposure": 1,
        "gain": -1,
        "rotate": 0,
        "matrix": [
            1015.9972260263224,
            0.0,
            634.9684217470538,
            0.0,
            1016.5373140942698,
            359.5809766867789,
            0.0,
            0.0,
            1.0
        ],
        "parameters": [
            1015.9972260263224,
            1016.5373140942698,
            634.9684217470538,
            359.5809766867789
        ],
        "distortion": [
            0.18485884123969412,
            -0.3622498172470631,
            0.0014020341216853288,
            0.000873972688353408,
            0.07967209730425037
        ]
}
